<?xml version="1.0" encoding="UTF-8"?>
<project-private xmlns="http://www.netbeans.org/ns/project-private/1">
    <editor-bookmarks xmlns="http://www.netbeans.org/ns/editor-bookmarks/2" lastBookmarkId="0"/>
    <open-files xmlns="http://www.netbeans.org/ns/projectui-open-files/2">
        <group>
            <file>file:/Users/niteesh/NetBeansProjects/JSP4/web/index.html</file>
            <file>file:/Users/niteesh/NetBeansProjects/JSP4/web/taglib_example.jsp</file>
            <file>file:/Users/niteesh/NetBeansProjects/JSP4/web/newjsp1.jsp</file>
            <file>file:/Users/niteesh/NetBeansProjects/JSP4/web/footer.html</file>
            <file>file:/Users/niteesh/NetBeansProjects/JSP4/web/newpage.html</file>
            <file>file:/Users/niteesh/NetBeansProjects/JSP4/web/header.html</file>
            <file>file:/Users/niteesh/NetBeansProjects/JSP4/web/newjsp.jsp</file>
        </group>
    </open-files>
</project-private>
